Resource,Operation,Operation,Operation New,Resource v1,Description,Description New,Endpoint,Campos simplificados,Parámetros Nodo,Parámetros API,Ultima Actualización,Motivo Implementación,Comentarios Broobe,Comentarios Centum
Otros,CREAR,,,Process_Binary_Images,Procesar datos de imágenes binarias para su uso en WooCommerce.,Procesa las imágenes binarias de artículos para su uso.,N/A,,"Datos de la imagen, última actualización de la imagen","No aplica: operación local del nodo, no consume endpoint de la API pública.",,,,Esto aplica al nodo de Centum? O habría que quitarlo?
Otros,CREAR,Access Token,Get,Generate_Access_Token,Genera un token para herramientas externas como Postman.,Genera el token que se necesita enviar en el header CentumSuiteAccessToken.,N/A,,Sin parámetros de nodo específicos.,"No aplica: operación local del nodo, no consume endpoint de la API pública.",,,,
Stock,CREAR,Ajustes Movimientos Stock,Create,Create_Stock_Movement,Crear un ajuste de movimiento de existencias,Crea un ajuste de stock de artículos.,/AjustesMovimientoStock,,"Fecha de publicación, identificadores de artículo, ubicación del artículo, identificador de sucursal física","Cabecera opcional: CentumSuiteClientUser | URL: bAjustePrevioACero opcional | Body: Ajuste Movimiento Stock con items; el cuerpo debe incluir los artículos y puede incluir sucursal física, sección y ubicación.",,,,
Articulos,GET,Articulos,GetOne,Get_Article_By_ID,Devuelve un artículo específico en función de su ID único.,Devuelve los datos generales de un artículo específico en función de su ID único.,/Articulos/DatosGenerales,"ID, Id, IdArticulo, Codigo, Nombre, Descripcion, DescripcionCorta, Precio, PrecioLista, PrecioFinal, PrecioSugerido, Stock, Existencia, ExistenciasSucursal, ExistenciasTotal, StockDisponible, Masa, Volumen, Alto, Largo, Ancho, Activo, Habilitado, ActivoWeb, FechaModificacion, FechaPrecioActualizado, FechaUltimaActualizacionPrecio, Marca.{IdMarcaArticulo,Nombre}, MarcaArticulo.{IdMarcaArticulo,Nombre}, Rubro.{IdRubro,Nombre}, SubRubro.{IdSubRubro,Nombre}, Categoria.{IdCategoriaArticulo,Nombre}, CategoriaArticulo.{IdCategoriaArticulo,Nombre}, CategoriaImpuestoIVA.{IdCategoriaImpuestoIVA,Nombre,Tasa}, SucursalFisica.{IdSucursalFisica,Codigo,Nombre}","Código del artículo, identificadores del artículo, salida simplificada","URL: tipoOrdenArticulos, ordenArticulosDescendente, numeroPagina, cantidadItemsPorPagina | Body: CodigoExacto o Ids para identificar el artículo; también admite Codigo, Nombre, IdsRubro, IdsSubRubro, IdsCategoriaArticulo, IdsMarcaArticulo, Habilitado, ActivoWeb, FechaModificacionDesde, FechaModificacionImagenesDesde e IdProveedor.",,,,
Articulos,GET,Articulos,GetOneImagen,Get_Article_Image,Devuelve la imagen binaria de un artículo.,Devuelve la imagen de un artículo específico en función de su ID único y número de orden.,/ArticulosImagenes,,Identificadores de artículos,Path: {idArticulo} requerido | URL: numeroOrd opcional (por defecto 1).,,,,
Articulos,GET,Articulos,GetPrecios,Get_Article_Price_By_List,Devuelve el precio del artículo para la lista de precios seleccionada.,Devuelve los datos de precios de artículos en función de el ID de una lista de precios y filtros varios.,/Articulos/FiltrosPrecios,"ID, Id, IdArticulo, Codigo, Nombre, Descripcion, DescripcionCorta, Precio, PrecioLista, PrecioFinal, PrecioSugerido, Stock, Existencia, ExistenciasSucursal, ExistenciasTotal, StockDisponible, Masa, Volumen, Alto, Largo, Ancho, Activo, Habilitado, ActivoWeb, FechaModificacion, FechaPrecioActualizado, FechaUltimaActualizacionPrecio, Marca.{IdMarcaArticulo,Nombre}, MarcaArticulo.{IdMarcaArticulo,Nombre}, Rubro.{IdRubro,Nombre}, SubRubro.{IdSubRubro,Nombre}, Categoria.{IdCategoriaArticulo,Nombre}, CategoriaArticulo.{IdCategoriaArticulo,Nombre}, CategoriaImpuestoIVA.{IdCategoriaImpuestoIVA,Nombre,Tasa}, SucursalFisica.{IdSucursalFisica,Codigo,Nombre}, IdListaPrecio, NombreListaPrecio, Moneda","Fecha de actualización del precio hasta, Fecha de actualización del precio desde, ID de artículo, ID de lista de precios, Salida simplificada","URL: tipoOrdenArticulos, ordenArticulosDescendente, numeroPagina, cantidadItemsPorPagina | Body: IdLista requerido; FechaPrecioActualizadoDesde, FechaPrecioActualizadoHasta, Habilitado, ActivoWeb, ImprimeLista e IdsArticulos opcionales.",,,,
Articulos,LISTAR,Articulos,GetVenta,List_Filtered_Articles,Devuelve una lista de artículos vendibles utilizando los filtros seleccionados.,Devuelve información completa de artículos para la venta en función de el ID de un cliente específico y filtros varios.,/Articulos/Venta,"ID, Id, IdArticulo, Codigo, Nombre, Descripcion, DescripcionCorta, Precio, PrecioLista, PrecioFinal, PrecioSugerido, Stock, Existencia, ExistenciasSucursal, ExistenciasTotal, StockDisponible, Masa, Volumen, Alto, Largo, Ancho, Activo, Habilitado, ActivoWeb, FechaModificacion, FechaPrecioActualizado, FechaUltimaActualizacionPrecio, Marca.{IdMarcaArticulo,Nombre}, MarcaArticulo.{IdMarcaArticulo,Nombre}, Rubro.{IdRubro,Nombre}, SubRubro.{IdSubRubro,Nombre}, Categoria.{IdCategoriaArticulo,Nombre}, CategoriaArticulo.{IdCategoriaArticulo,Nombre}, CategoriaImpuestoIVA.{IdCategoriaImpuestoIVA,Nombre,Tasa}, SucursalFisica.{IdSucursalFisica,Codigo,Nombre}","ID de cliente, fecha del documento, fecha de modificación desde, fecha de modificación de la imagen desde, migración completa, salida simplificada","URL: tipoOrdenArticulos, ordenArticulosDescendente, numeroPagina, cantidadItemsPorPagina | Body: IdCliente y FechaDocumento requeridos; filtros frecuentes Codigo, CodigoExacto, Nombre, IdsRubro, IdsSubRubro, IdsCategoriaArticulo, IdsMarcaArticulo, IdGrupoArticulo, Habilitado, ActivoWeb, ImprimeLista, PrecioDesde/Hasta, StockTotalDesde/Hasta, StockSucursalDesde/Hasta, FechaPromocion, Ids, IdProveedor, FechaModificacionDesde y FechaModificacionImagenesDesde.",,,,
Articulos,LISTAR,Articulos,GetDatosGenerales (*),List_Articles,Devuelve una lista de artículos y sus datos generales.,Devuelve los datos generales de artículos en función de filtros varios.,/Articulos/DatosGenerales,"ID, Id, IdArticulo, Codigo, Nombre, Descripcion, DescripcionCorta, Precio, PrecioLista, PrecioFinal, PrecioSugerido, Stock, Existencia, ExistenciasSucursal, ExistenciasTotal, StockDisponible, Masa, Volumen, Alto, Largo, Ancho, Activo, Habilitado, ActivoWeb, FechaModificacion, FechaPrecioActualizado, FechaUltimaActualizacionPrecio, Marca.{IdMarcaArticulo,Nombre}, MarcaArticulo.{IdMarcaArticulo,Nombre}, Rubro.{IdRubro,Nombre}, SubRubro.{IdSubRubro,Nombre}, Categoria.{IdCategoriaArticulo,Nombre}, CategoriaArticulo.{IdCategoriaArticulo,Nombre}, CategoriaImpuestoIVA.{IdCategoriaImpuestoIVA,Nombre,Tasa}, SucursalFisica.{IdSucursalFisica,Codigo,Nombre}",Salida simplificada,"URL: tipoOrdenArticulos, ordenArticulosDescendente, numeroPagina, cantidadItemsPorPagina | Body: Codigo, CodigoExacto, CodigoDesde, CodigoHasta, CodigoBarras, Nombre, IdsRubro, IdsSubRubro, IdsCategoriaArticulo, IdsSociedadArticulo, IdsMarcaArticulo, Habilitado, ActivoWeb, FechaCreacionDesde/Hasta, Ids, FechaModificacionDesde, FechaModificacionImagenesDesde e IdProveedor.",,,,
Articulos,BUSCAR,Articulos,GetDatosGenerales (*),Search_Articles,Busca un artículo por nombre y devuelve todos los resultados.,Devuelve los datos generales de artículos en función de filtros varios.,/Articulos/DatosGenerales,"ID, Id, IdArticulo, Codigo, Nombre, Descripcion, DescripcionCorta, Precio, PrecioLista, PrecioFinal, PrecioSugerido, Stock, Existencia, ExistenciasSucursal, ExistenciasTotal, StockDisponible, Masa, Volumen, Alto, Largo, Ancho, Activo, Habilitado, ActivoWeb, FechaModificacion, FechaPrecioActualizado, FechaUltimaActualizacionPrecio, Marca.{IdMarcaArticulo,Nombre}, MarcaArticulo.{IdMarcaArticulo,Nombre}, Rubro.{IdRubro,Nombre}, SubRubro.{IdSubRubro,Nombre}, Categoria.{IdCategoriaArticulo,Nombre}, CategoriaArticulo.{IdCategoriaArticulo,Nombre}, CategoriaImpuestoIVA.{IdCategoriaImpuestoIVA,Nombre,Tasa}, SucursalFisica.{IdSucursalFisica,Codigo,Nombre}","Código del artículo, nombre del artículo, salida simplificada","URL: tipoOrdenArticulos, ordenArticulosDescendente, numeroPagina, cantidadItemsPorPagina | Body: Codigo, CodigoExacto, Nombre, IdsRubro, IdsSubRubro, IdsCategoriaArticulo, IdsMarcaArticulo, Habilitado, ActivoWeb, Ids, FechaModificacionDesde e IdProveedor.",,,,
Stock,GET,Artículos,GetExistenciasIndicadores (*****),Get_Stock_By_Branch_And_Article,Devolución de existencias de un artículo específico en una sucursal física.,Devuelve las existencias de artículos junto con los indicadores dentro de un depósito en función de filtros varios.,/ArticulosSucursalesFisicas,"IdArticulo, ExistenciasSucursales, ExistenciasTotal, CantidadPedidosVenta, CantidadOrdenesCompra, StockComprometido","Identificadores de artículo, ID de sucursal física, salida simplificada","URL: filtros de artículo y sucursal física; usar principalmente idSucursalFisica e idArticulo/codigo, con numeroPagina y cantidadItemsPorPagina opcionales.",,,,
Stock,GET,Artículos,GetExistencias,Get_Article_Stock,Devuelva el artículo en stock utilizando los filtros seleccionados.,Devuelve las exitencias y stock compromedito de artículos en función de filtros varios.,/ArticulosExistencias,,Lista de identificación de sucursales físicas,"URL: codigo, codigoExacto, codigoDesde, codigoHasta, codigoBarras, codigoAuxiliar, nombre, idRubro, idSubrubro, idCategoriaArticulo, idMarcaArticulo, habilitado, activoWeb, idsArticulos, numeroPagina y cantidadItemsPorPagina.",,,,
Stock,LISTAR,Artículos,GetExistenciasIndicadores (*****),List_Stock_By_Physical_Branch,Devuelva el stock de artículos para una sucursal física específica.,Devuelve las existencias de artículos junto con los indicadores dentro de un depósito en función de filtros varios.,/ArticulosSucursalesFisicas,"IdArticulo, ExistenciasSucursales, ExistenciasTotal, CantidadPedidosVenta, CantidadOrdenesCompra, StockComprometido","ID de artículo, ID de sucursal física, nombre del artículo, ID de grupo, ID de subgrupo, ID de marca del artículo, ID de categoría del artículo, salida simplificada","URL: filtros de artículo y sucursal física; admite codigo, nombre, idSucursalFisica, idArticulo, rubro/subrubro/categoría/marca, habilitado, activoWeb, numeroPagina y cantidadItemsPorPagina.",,,,
Articulos,LISTAR,Bonificaciones,GetAll,List_Discounts,Obtén la lista completa de descuentos disponibles.,Devuelve la lista completa de bonificaciones de clientes.,/Bonificaciones,,Sin parámetros de nodo específicos.,Sin parámetros documentados.,,,,
Articulos,LISTAR,Categorias Artículo,GetAll,List_Categories,Obtén la lista completa de categorías de artículos.,Devuelve la lista completa de categorías de artículos,/CategoriasArticulo,,Identificadores de subgrupos,URL: idSubRubro opcional; la documentación también contempla la variante para uno o más IDs de subrubros.,,,,
Logística,LISTAR,Choferes Guía Logística,GetAll,List_Drivers,Obtén la lista completa de conductores disponibles.,Devuelve la lista completa de choferes para guías logísticas.,/GuiaLogisticaChoferes,,Sin parámetros de nodo específicos.,Sin parámetros documentados.,,,,
Clientes,CREAR,Clientes,Update,Update_Customer,Actualizar un cliente y devolver la información del recurso y la URL.,Actualiza un cliente y devuelve el objeto actualizado.,/Clientes/Actualizar,,Cuerpo JSON,Body: Cliente | Requiere enviar el ID del cliente existente dentro del cuerpo; usa los mismos criterios y validaciones documentados para alta de cliente.,,,,
Clientes,CREAR,Clientes,Create (**),Create_Taxpayer_Customer,Crear un nuevo cliente contribuyente,Crea un cliente.,/Clientes,,"Cuerpo JSON, CUIT",No hay un alta diferenciada de contribuyente documentada; /Clientes documenta alta genérica con body Cliente.,,,,
Clientes,GET,Clientes,GetSaldoCuentaCorriente,Get_Customer_Balance,Obtén el saldo del cliente seleccionado.,Devuelve el saldo de cuenta corriente de un cliente en función de su ID único.,/SaldosCuentasCorrientes/{customerId},"IdCliente, Codigo, RazonSocial, NombreFantasia, CUIT, Documento, Email, Telefono, Activo, Saldo, SaldoPendiente, CondicionIVA.{IdCondicionIVA,Nombre}, Zona.{IdZona,Nombre}, Vendedor.{IdVendedor,Codigo,Nombre}, FechaVencimiento, Importe, ImportePendiente","ID del cliente, fecha de actualización del precio, salida simplificada","Path: {idCliente} requerido | URL: fechaVencimientoHasta requerida, composicionReal opcional, idsDivisionesEmpresasGrupoEconomico opcional.",,,,
Clientes,CREAR,Clientes,Create (**),Create_Customer,Crear un nuevo cliente,Crea un cliente.,/Clientes,,"Condición de venta, ID de condición de IVA, CUIT, ID de descuento, ID de país, ID de provincia, ID de zona, nombre de la empresa",Body: Cliente.,,,,
Clientes,LISTAR,Clientes,Get (***),List_Customers,Devuelve una lista de todos los clientes registrados.,Devuelve los datos de clientes en función de filtros varios.,/Clientes,"IdCliente, Codigo, RazonSocial, NombreFantasia, CUIT, Documento, Email, Telefono, Activo, Saldo, SaldoPendiente, CondicionIVA.{IdCondicionIVA,Nombre}, Zona.{IdZona,Nombre}, Vendedor.{IdVendedor,Codigo,Nombre}",Salida simplificada,"URL: codigo, codigoDesde, codigoHasta, cuit, razonSocial, activo, numeroPagina y cantidadItemsPorPagina; la documentación lo define como listado con filtros varios.",,,,
Clientes,LISTAR,Clientes,GetComposicionSaldoCuentaCorriente,Get_Customer_Balance_Breakdown,Obtenga el desglose del saldo de la cuenta del cliente seleccionado.,Devuelve la composición del saldo de cuenta corriente de un cliente en función de su ID único.,/SaldosCuentasCorrientes/Composicion/{customerId},"IdVenta, IdPedidoVenta, IdPedido, IdCobro, IdCompra, IdOrdenCompra, IdComprobante, Codigo, Numero, NumeroDocumento, Fecha, FechaDocumento, FechaEntrega, Estado, ImporteNeto, ImporteIVA, ImporteTotal, Total, Saldo, SaldoPendiente, Cliente.{IdCliente,Codigo,RazonSocial,CUIT}, Proveedor.{IdProveedor,Codigo,RazonSocial,CUIT}, SucursalFisica.{IdSucursalFisica,Codigo,Nombre}, Vendedor.{IdVendedor,Codigo,Nombre}, TipoComprobante.{IdTipoComprobante,Codigo,Nombre}, CanalVenta.{IdCanalVenta,Nombre}, FechaVencimiento, Importe, ImportePendiente","ID del cliente, fecha de actualización del precio, salida simplificada","Path: {idCliente} requerido | URL: fechaVencimientoHasta o fechaDocumentoHasta (uno de los dos es obligatorio), composicionReal, numeroPagina y cantidadItemsPorPagina.",,,,
Clientes,BUSCAR,Clientes,Get (***),Search_Customers,Devuelve una lista de clientes que coincidan con los filtros seleccionados.,Devuelve los datos de clientes en función de filtros varios.,/Clientes,"IdCliente, Codigo, RazonSocial, NombreFantasia, CUIT, Documento, Email, Telefono, Activo, Saldo, SaldoPendiente, CondicionIVA.{IdCondicionIVA,Nombre}, Zona.{IdZona,Nombre}, Vendedor.{IdVendedor,Codigo,Nombre}","Código de cliente, CUIT, Nombre de la empresa, Salida simplificada","URL: codigo, codigoDesde, codigoHasta, cuit, razonSocial, activo, numeroPagina y cantidadItemsPorPagina; usar como filtros principales razón social y/o CUIT.",,,,
Clientes,BUSCAR,Clientes,Get (***),Search_Customers_By_CUIT,Devuelve una lista de clientes basada en el CUIT proporcionado.,Devuelve los datos de clientes en función de filtros varios.,/Clientes,"IdCliente, Codigo, RazonSocial, NombreFantasia, CUIT, Documento, Email, Telefono, Activo, Saldo, SaldoPendiente, CondicionIVA.{IdCondicionIVA,Nombre}, Zona.{IdZona,Nombre}, Vendedor.{IdVendedor,Codigo,Nombre}","CUIT, Salida simplificada",URL: cuit como filtro principal; numeroPagina y cantidadItemsPorPagina opcionales.,,,,
Clientes,BUSCAR,Clientes,GetOneContribuyente,Search_Taxpayer_Customer,Devuelva los datos del contribuyente por CUIT o nombre de la empresa.,Devuelve datos básicos de un contribuyente obtenidos del padrón en función de un CUIT.,/Clientes/BuscarContribuyente,"IdCliente, Codigo, RazonSocial, NombreFantasia, CUIT, Documento, Email, Telefono, Activo, Saldo, SaldoPendiente, CondicionIVA.{IdCondicionIVA,Nombre}, Zona.{IdZona,Nombre}, Vendedor.{IdVendedor,Codigo,Nombre}","CUIT, Nombre de la empresa, Salida simplificada",URL: CUIT requerido.,,,,
Clientes,GET,Cobros,Get (****),Get_Payment_Invoices,Obtenga todas las facturas de pago del cliente seleccionado.,Devuelve los datos de cobranzas realizadas en funcion de filtros varios.,/Cobros/FiltrosCobro,"IdVenta, IdPedidoVenta, IdPedido, IdCobro, IdCompra, IdOrdenCompra, IdComprobante, Codigo, Numero, NumeroDocumento, Fecha, FechaDocumento, FechaEntrega, Estado, ImporteNeto, ImporteIVA, ImporteTotal, Total, Saldo, SaldoPendiente, Cliente.{IdCliente,Codigo,RazonSocial,CUIT}, Proveedor.{IdProveedor,Codigo,RazonSocial,CUIT}, SucursalFisica.{IdSucursalFisica,Codigo,Nombre}, Vendedor.{IdVendedor,Codigo,Nombre}, TipoComprobante.{IdTipoComprobante,Codigo,Nombre}, CanalVenta.{IdCanalVenta,Nombre}","ID del cliente, fecha de inicio, fecha de finalización, salida simplificada","URL: numeroPagina, cantidadItemsPorPagina | Body: fechaDocumentoDesde y fechaDocumentoHasta requeridos; opcionales fechaImputacionDesde/Hasta, idCliente, idClienteCuentaCorriente, idCobro, idSucursalFisica, puntoVenta, letra, numero, incluirAnulados, idUsuarioCreador, Observacion e idDivisionEmpresaGrupoEconomico.",,,,
Cobros,CREAR,Cobros,Create,Create_Payment,Crear un comprobante de pago,Crea un cobro (recibo) a un cliente específico.,/Cobros,,"Artículos, Cliente, Información de envío",Cabecera opcional: CentumSuiteClientUser | Body: Cobro.,,,,
Cobros,LISTAR,Cobros,Get (****),List_Payments,Obtén una lista de pagos usando los filtros seleccionados.,Devuelve los datos de cobranzas realizadas en funcion de filtros varios.,/Cobros/FiltrosCobro,"IdVenta, IdPedidoVenta, IdPedido, IdCobro, IdCompra, IdOrdenCompra, IdComprobante, Codigo, Numero, NumeroDocumento, Fecha, FechaDocumento, FechaEntrega, Estado, ImporteNeto, ImporteIVA, ImporteTotal, Total, Saldo, SaldoPendiente, Cliente.{IdCliente,Codigo,RazonSocial,CUIT}, Proveedor.{IdProveedor,Codigo,RazonSocial,CUIT}, SucursalFisica.{IdSucursalFisica,Codigo,Nombre}, Vendedor.{IdVendedor,Codigo,Nombre}, TipoComprobante.{IdTipoComprobante,Codigo,Nombre}, CanalVenta.{IdCanalVenta,Nombre}, FechaCobro, ImporteCobrado, ImporteAplicado","ID de cliente, Fecha de inicio, Fecha de finalización, ID de pago, Salida simplificada","URL: numeroPagina, cantidadItemsPorPagina | Body: fechaDocumentoDesde y fechaDocumentoHasta requeridos; opcionales fechaImputacionDesde/Hasta, idCliente, idClienteCuentaCorriente, idCobro, idSucursalFisica, puntoVenta, letra, numero, incluirAnulados, idUsuarioCreador, Observacion e idDivisionEmpresaGrupoEconomico.",,,,
Compras,CREAR,Compras,Create,Create_Purchase,Crea una compra utilizando los parámetros seleccionados.,"Crea un comprobante de compra (factura de compra, nota de crédito de compras, entre otros) a un proveedor específico.",/Proveedores/{id} + /Articulos/Venta + /Compras,,"Artículos, ID de cliente, Código de cupón, Fecha de inicio, Fecha del documento, ID de proveedor, ID de tipo de cupón, ID de sucursal física, Carta del documento de compra, Nombre del tipo de cupón, Número de documento de compra, Punto de venta","Flujo: obtener proveedor (/Proveedores/{id}) y artículos base, luego POST /Compras | Cabecera opcional: CentumSuiteClientUser | Body: Compra.",,,,
Compras,LISTAR,Compras,Get,List_Purchases,Obtén una lista de compras usando los filtros seleccionados.,Devuelve los datos de comprobantes de compras realizadas en funcion de filtros varios.,/Compras/FiltrosCompra,"IdVenta, IdPedidoVenta, IdPedido, IdCobro, IdCompra, IdOrdenCompra, IdComprobante, Codigo, Numero, NumeroDocumento, Fecha, FechaDocumento, FechaEntrega, Estado, ImporteNeto, ImporteIVA, ImporteTotal, Total, Saldo, SaldoPendiente, Cliente.{IdCliente,Codigo,RazonSocial,CUIT}, Proveedor.{IdProveedor,Codigo,RazonSocial,CUIT}, SucursalFisica.{IdSucursalFisica,Codigo,Nombre}, Vendedor.{IdVendedor,Codigo,Nombre}, TipoComprobante.{IdTipoComprobante,Codigo,Nombre}, CanalVenta.{IdCanalVenta,Nombre}","ID de cliente, Fecha de inicio, Fecha de finalización, ID de compra, Salida simplificada","URL: numeroPagina, cantidadItemsPorPagina | Body: fechaDocumentoDesde y fechaDocumentoHasta requeridos; opcionales idProveedor, idCompra, idSucursalFisica, idDivisionEmpresaGrupoEconomico, puntoVenta, letra, numero, incluirAnulados, idUsuarioCreador, idTipoComprobante y Observacion.",,,,
Otros,LISTAR,Conceptos,GetAll,List_Concepts,Obtén una lista de conceptos,Devuelve la lista completa de conceptos para comprobantes de compra o venta.,/Conceptos,,Sin parámetros de nodo específicos.,"URL: numeroPagina, cantidadItemsPorPagina opcionales.",,,,
Geografía,LISTAR,Departamentos,Get,List_Municipalities,"Obtén una lista de municipios, generalmente filtrada por provincia.",Devuelve una lista de departamentos en funcion del ID específico de una provincia.,/Departamentos,,ID de la provincia,URL: idProvincia opcional.,,,,
Clientes,LISTAR,Frecuenca de Clientes,GetAll,List_Customer_Frequencies,Obtenga una lista de opciones de frecuencia de clientes,Devuelve la lista completa de frecuencias de compra de un cliente.,/FrecuenciasCliente,,Sin parámetros de nodo específicos.,Sin parámetros documentados.,,,,
Articulos,LISTAR,Listas Precios,GetAll,List_Product_Prices,Obtén una lista de precios sugeridos para los productos.,Devuelve la lista completa de listas de precios.,/ListasPrecios,,Sin parámetros de nodo específicos.,"URL: numeroPagina, cantidadItemsPorPagina opcionales.",,,,
Articulos,LISTAR,Marcas,GetAll,List_Brands,Obtén la lista completa de marcas de artículos,Devuelve la lista completa de marcas de artículos.,/MarcasArticulo,,Sin parámetros de nodo específicos.,Sin parámetros documentados.,,,,
Otros,GET,Operadores Móviles,GetCredenciales,Verify_Mobile_Operator,Obtén los datos de un operador móvil utilizando las credenciales configuradas.,Devuelve los datos de un operador móvil en función de sus credenciales (usuarios y contraseñas).,/OperadoresMoviles/Credenciales,,Nombre de usuario,Documentado como GET /OperadoresMoviles/Credenciales con Usuario y Contrasena requeridos.,,,,
Otros,LISTAR,Operadores Móviles,Get,List_Mobile_Operators,Obtén la lista de todos los operadores de telefonía móvil.,Devuelve los datos de un operador móvil en función de filtros varios.,/OperadoresMoviles,,"Nombre de usuario, correo electrónico",URL: usuario y email opcionales.,,,,
Compras,CREAR,Órdenes Compra,Create,Create_Purchase_Order,Cree una orden de compra utilizando los parámetros seleccionados.,Crea una orden de compra a un proveedor específico.,/Clientes + /Articulos/Venta + /Proveedores/{id} + /OrdenesCompra,,"Artículos, Fecha del documento, Fecha de entrega, Fecha de vencimiento, ID de franja horaria de entrega, ID de sucursal física, Carta del documento de compra, Número de documento de compra, ID del proveedor, Punto de venta, Nombre de la empresa","Flujo: validar proveedor y artículos previos, luego POST /OrdenesCompra | Cabecera opcional: CentumSuiteClientUser | Body: Orden de compra.",,,,
Compras,GET,Órdenes Compra,GetOne,Get_Purchase_Order,Obtenga una única orden de compra por ID.,Devuelve los datos de una orden de compra específica en función de su ID único.,/OrdenesCompra/{id},"IdVenta, IdPedidoVenta, IdPedido, IdCobro, IdCompra, IdOrdenCompra, IdComprobante, Codigo, Numero, NumeroDocumento, Fecha, FechaDocumento, FechaEntrega, Estado, ImporteNeto, ImporteIVA, ImporteTotal, Total, Saldo, SaldoPendiente, Cliente.{IdCliente,Codigo,RazonSocial,CUIT}, Proveedor.{IdProveedor,Codigo,RazonSocial,CUIT}, SucursalFisica.{IdSucursalFisica,Codigo,Nombre}, Vendedor.{IdVendedor,Codigo,Nombre}, TipoComprobante.{IdTipoComprobante,Codigo,Nombre}, CanalVenta.{IdCanalVenta,Nombre}","ID de compra, salida simplificada",Path: {idOrdenCompra} requerido.,,,,
Compras,LISTAR,Órdenes Compra,Get,List_Purchase_Orders,Obtenga todos los pedidos de compra utilizando los filtros seleccionados.,Devuelve los datos de ordenes de compra en función de filtros varios.,/OrdenesCompra/FiltrosOrdenCompra,"IdVenta, IdPedidoVenta, IdPedido, IdCobro, IdCompra, IdOrdenCompra, IdComprobante, Codigo, Numero, NumeroDocumento, Fecha, FechaDocumento, FechaEntrega, Estado, ImporteNeto, ImporteIVA, ImporteTotal, Total, Saldo, SaldoPendiente, Cliente.{IdCliente,Codigo,RazonSocial,CUIT}, Proveedor.{IdProveedor,Codigo,RazonSocial,CUIT}, SucursalFisica.{IdSucursalFisica,Codigo,Nombre}, Vendedor.{IdVendedor,Codigo,Nombre}, TipoComprobante.{IdTipoComprobante,Codigo,Nombre}, CanalVenta.{IdCanalVenta,Nombre}","Fecha de entrega desde, Fecha de entrega hasta, ID de cliente, Fecha desde, Fecha hasta, ID de estado, ID de proveedor, Salida simplificada","URL: numeroPagina, cantidadItemsPorPagina | Body: fechaDocumentoDesde y fechaDocumentoHasta requeridos; admite filtros habituales como idProveedor, idOrdenCompra, idSucursalFisica, idDivisionEmpresaGrupoEconomico, puntoVenta, letra, numero, incluirAnulados, idUsuarioCreador y fechas de creación/entrega.",,,,
Geografía,LISTAR,Países,GetAll,List_Countries,Obtén la lista de países disponibles,Devuelve la lista completa de países.,/Paises,,Sin parámetros de nodo específicos.,Sin parámetros documentados.,,,,
Ventas,CREAR,Pedidos Venta,Create,Create_Sales_Order,Cree un pedido de venta utilizando los artículos proporcionados.,Crea un pedido de venta a un cliente específico.,/Clientes + /Articulos/Venta + /PedidosVenta,,"Artículos, Código de cliente, Fecha del documento, Fecha de entrega, ID del vendedor, ID del descuento, ID de la franja horaria de entrega, Nombre de la empresa","Cabecera opcional: CentumSuiteClientUser | Body: Pedido de Venta | Flujo recomendado: opcional /PedidosVenta/PromocionesComerciales y luego POST /PedidosVenta, usando artículos previamente obtenidos/cotizados.",,,,
Ventas,GET,Pedidos Venta,GetOne,Get_Sales_Order,Obtenga un pedido de venta por su identificador único.,Devuelve los datos de un pedido de venta específico en función de su ID único.,/PedidosVenta/{id},,IDENTIFICACIÓN,Path: {idPedidoVenta} requerido.,,,,
Ventas,LISTAR,Pedidos Venta,Get,List_Sales_Orders,Obtenga todos los pedidos de venta utilizando los filtros seleccionados.,Devuelve los datos de pedidos de venta en función de filtros varios.,/PedidosVenta/FiltrosPedidoVenta,"IdVenta, IdPedidoVenta, IdPedido, IdCobro, IdCompra, IdOrdenCompra, IdComprobante, Codigo, Numero, NumeroDocumento, Fecha, FechaDocumento, FechaEntrega, Estado, ImporteNeto, ImporteIVA, ImporteTotal, Total, Saldo, SaldoPendiente, Cliente.{IdCliente,Codigo,RazonSocial,CUIT}, Proveedor.{IdProveedor,Codigo,RazonSocial,CUIT}, SucursalFisica.{IdSucursalFisica,Codigo,Nombre}, Vendedor.{IdVendedor,Codigo,Nombre}, TipoComprobante.{IdTipoComprobante,Codigo,Nombre}, CanalVenta.{IdCanalVenta,Nombre}","ID de cliente, Fecha de inicio, Fecha de finalización, ID de estado, ID de venta, Incluir pedidos cancelados, Creado por ID de usuario, ID de transporte, ID de sucursal física, Salida simplificada","URL: numeroPagina, cantidadItemsPorPagina | Body: fechaDocumentoDesde y fechaDocumentoHasta requeridos; opcionales idCliente, idVendedor, idPedidoVenta, idSucursalFisica, idDivisionEmpresaGrupoEconomico, incluirAnulados, idUsuarioCreador, idTransporte, idEstadoPedidoVenta, fechaCreacionDesde y fechaCreacionHasta.",,,,
Ventas,LISTAR,Pedidos Venta,GetConsulta,List_Summarized_Sales_Orders,Consigue pedidos de venta con una respuesta más ligera.,Devuelve los datos de pedidos de venta con detalle de totales en función de filtros varios.,/PedidosVenta/FiltrosPedidoVentaConsulta,"IdVenta, IdPedidoVenta, IdPedido, IdCobro, IdCompra, IdOrdenCompra, IdComprobante, Codigo, Numero, NumeroDocumento, Fecha, FechaDocumento, FechaEntrega, Estado, ImporteNeto, ImporteIVA, ImporteTotal, Total, Saldo, SaldoPendiente, Cliente.{IdCliente,Codigo,RazonSocial,CUIT}, Proveedor.{IdProveedor,Codigo,RazonSocial,CUIT}, SucursalFisica.{IdSucursalFisica,Codigo,Nombre}, Vendedor.{IdVendedor,Codigo,Nombre}, TipoComprobante.{IdTipoComprobante,Codigo,Nombre}, CanalVenta.{IdCanalVenta,Nombre}","ID de cliente, Fecha de inicio, Fecha de finalización, ID de estado, Salida simplificada","URL: numeroPagina, cantidadItemsPorPagina | Body: fechaDocumentoDesde y fechaDocumentoHasta requeridos; usa los mismos filtros principales que /PedidosVenta/FiltrosPedidoVenta pero devuelve una respuesta resumida.",,,,
Ventas,LISTAR,Pedidos Venta,GetAllEstados,List_Sales_Order_Statuses,Obtenga todos los estados de pedidos de venta disponibles.,Devuelve la lista completa de estados de pedidos de venta.,/EstadosPedidoVenta,,Sin parámetros de nodo específicos.,URL: idPedidoVenta requerido; bIncluirTodosEstados opcional.,,,,
Clientes,GET,Promociones Comerciales,Get (*******),Get_Customer_Commercial_Promotions,Obtén las promociones comerciales aplicadas a un cliente a partir de la fecha seleccionada.,Devuelve los datos de promociones comerciales en función de filtros varios.,/PromocionesComerciales/FiltrosPromocionComercial,"IdPromocionComercial, Codigo, Nombre, Descripcion, FechaDesde, FechaHasta, Activa","ID del cliente, día de la semana, fecha del documento, salida simplificada","Body: FechaDocumento, DiaSemana, IdsSucursal, IdsListaPrecio, IdsCliente, IdsClaseCliente y flags PromocionComercialSinSucursalesFisicasEspecificas, PromocionComercialSinListasPrecioEspecificas, PromocionComercialSinClientesEspecificos, PromocionComercialSinClasesClienteEspecificas y PromocionComercialSinValoresEspecificos.",,,,
Ventas,LISTAR,Promociones Comerciales,Get (*******),List_Commercial_Promotions,Obtén las promociones comerciales disponibles.,Devuelve los datos de promociones comerciales en función de filtros varios.,/PromocionesComerciales/FiltrosPromocionComercial,,Fecha del documento,"Body: FechaDocumento, DiaSemana, IdsSucursal, IdsListaPrecio, IdsCliente, IdsClaseCliente y flags PromocionComercialSinSucursalesFisicasEspecificas, PromocionComercialSinListasPrecioEspecificas, PromocionComercialSinClientesEspecificos, PromocionComercialSinClasesClienteEspecificas y PromocionComercialSinValoresEspecificos.",,,,
Proveedores,CREAR,Proveedores,Create,Create_Supplier,Cree un proveedor utilizando los datos proporcionados.,Crea un proveedor.,/Proveedores,,"Activo, Categoría de Impuesto sobre la Renta, Clase de Proveedor, Condición de Pago, ID de Condición de IVA, CUIT, Método de Pago del Proveedor, ID de Operador de Compra, ID de País, ID de Provincia, ID de Zona, ID de Descuento del Proveedor, Nombre de la Empresa, Código de Proveedor",Body: Proveedor.,,,,
Proveedores,LISTAR,Proveedores,Get,List_Suppliers,Obtenga una lista completa de proveedores,Devuelve los datos de proveedores en función de filtros varios.,/Proveedores,"IdProveedor, Codigo, RazonSocial, CUIT, Email, Telefono, Activo, Provincia.{IdProvincia,Nombre}, Pais.{IdPais,Nombre}, Zona.{IdZona,Nombre}","Activo, CUIT, Nombre de la empresa, Código de proveedor, Salida simplificada","URL: codigo, codigoDesde, codigoHasta, razonSocial, cuit, activo, numeroPagina y cantidadItemsPorPagina.",,,,
Proveedores,BUSCAR,Proveedores,GetOne,Search_Supplier,Información del proveedor de devolución basada en su ID,Devuelve los datos de un proveedor específico en función de su ID único.,/Proveedores/{id},,ID del proveedor,Path: {idProveedor} requerido.,,,,
Geografía,LISTAR,Provincias,Get,List_Provinces,"Obtén una lista de provincias, generalmente filtrada por país.",Devuelve una lista de provincias en funcion del ID específico de un país.,/Provincias,,Identificación del país,URL: idPais opcional.,,,,
Otros,GET,Regímenes Especiales,GetOne,Get_Special_Tax_Regime_By_ID,Obtenga un régimen fiscal especial mediante su documento de identidad.,Devuelve los datos de un regimen especial específico en función de su ID único.,/RegimenesEspeciales/{id},,IDENTIFICACIÓN,Path: {idRegimenEspecial} requerido.,,,,
Otros,LISTAR,Regímenes Especiales,GetAll,List_Special_Tax_Regimes,Obtenga la lista completa de regímenes fiscales especiales.,Devuelve la lista completa de regímenes especiales.,/RegimenesEspeciales,,Sin parámetros de nodo específicos.,"URL: numeroPagina, cantidadItemsPorPagina opcionales.",,,,
Compras,CREAR,Remitos Compra,Create,Create_Purchase_Delivery_Note,Cree un albarán de compra a partir de los parámetros proporcionados.,Crea un remito de compra a un proveedor específico.,/Clientes/{id} + /Articulos/Venta + /Proveedores/{id} + /RemitosCompra,,"Artículos, ID del cliente, Fecha del documento, Fecha de entrega, Fecha de vencimiento, ID de franja horaria de entrega, ID del conductor, Notas, ID de la sucursal física, Carta del documento de compra, Número de documento de compra, ID del proveedor, Punto de venta","Flujo: validar proveedor/cliente y artículos previos, luego POST /RemitosCompra | Cabecera opcional: CentumSuiteClientUser | Body: RemitoCompra.",,INAGRO,,
Ventas,CREAR,Remitos Venta,Create,Create_Sales_Delivery_Note,Cree un albarán de venta a partir de los parámetros proporcionados.,Crea un remito de venta a un cliente específico.,/Articulos/Venta + /Clientes/{id} + /RemitosVenta,,"Artículos, ID de cliente, Fecha del documento, Fecha de entrega, Fecha de envío, Fecha de publicación, ID de franja horaria de entrega, ID del conductor, ID del vendedor, ID de la sucursal física, Carta del documento de compra, Número de documento de compra, Punto de venta","Cabecera opcional: CentumSuiteClientUser | Body: Remito de Venta | Flujo recomendado: resolver cliente y artículos primero, luego crear el remito.",,,,
Articulos,LISTAR,Rubros,GetAll,List_Groups,Obtén la lista completa de grupos de artículos,Devuelve la lista completa de rubros de artículos.,/Rubros,,Sin parámetros de nodo específicos.,Sin parámetros documentados.,,,,
Articulos,LISTAR,SubRubros,GetAll,List_Subgroups,Obtén la lista completa de subgrupos de artículos o fíltralos por ID.,Devuelve la lista completa de subrubros pudiendo filtrar de manera opcional por ID's de rubros.,/SubRubros,,ID de grupo,URL: idRubro opcional; la documentación también contempla la variante para uno o más IDs de rubros.,,,,
Logística,LISTAR,Sucursales Físicas,GetAll,List_Physical_Branches,Obtén las sucursales físicas disponibles,Devuelve la lista completa de sucursales físicas.,/SucursalesFisicas,,Sin parámetros de nodo específicos.,Sin parámetros documentados.,,,,
Compras,LISTAR,Tipos Comprobante,GetAllCompras,List_Purchase_Vouchers,Obtén una lista de cupones de compra usando los filtros seleccionados.,Devuelve la lista completa de tipos de comprobantes utilizados en el circuito de compras.,/TiposComprobanteCompra,"IdTipoComprobanteCompra, IdTipoComprobante, Codigo, Nombre, Descripcion, Activo",Salida simplificada,Sin parámetros documentados.,,,,
Otros,LISTAR,Tipos Comprobante,GetAll,List_Voucher_Types,Obtén una lista de todos los tipos de cupones.,Devuelve la lista completa de tipos de comprobantes.,/TiposComprobante,,Sin parámetros de nodo específicos.,Sin parámetros documentados.,,,,
Ventas,LISTAR,Tipos Comprobante,GetAllVentas,List_Sales_Vouchers,Obtén una lista de cupones de venta utilizando los filtros seleccionados.,Devuelve la lista completa de tipos de comprobantes utilizados en el circuito de ventas.,/TiposComprobanteVenta,"IdTipoComprobanteVenta, IdTipoComprobante, Codigo, Nombre, Descripcion, Activo",Salida simplificada,Sin parámetros documentados.,,,,
Logística,LISTAR,Turnos Entrega,GetAll,List_Delivery_Time_Slots,Obtén la lista completa de franjas horarias de entrega disponibles.,Devuelve la lista completa de turnos de entrega de clientes.,/TurnosEntrega,,Sin parámetros de nodo específicos.,Sin parámetros documentados.,,,,
Articulos,LISTAR,Ubicaciones Articulos,GetAll,List_Article_Locations,Obtén la lista completa de ubicaciones de los artículos.,Devuelve la lista completa de ubicaciones de artículos dentro de una sección sucursal.,/UbicacionesArticulos,,Sin parámetros de nodo específicos.,Sin parámetros documentados.,,,,
Logística,LISTAR,Vendedores,GetAll,List_Sellers,Obtén una lista de todos los vendedores disponibles.,Devuelve la lista completa de vendedores.,/Vendedores,,Sin parámetros de nodo específicos.,"URL: numeroPagina, cantidadItemsPorPagina opcionales.",,,,
Clientes,GET,Ventas,GetConsulta (******),Get_Sales_Invoices,Obtenga todas las facturas de venta del cliente seleccionado.,Devuelve los datos de comprobantes de venta con detalle de totales en función de filtros varios.,/Ventas/FiltrosVentaConsulta,"IdVenta, IdPedidoVenta, IdPedido, IdCobro, IdCompra, IdOrdenCompra, IdComprobante, Codigo, Numero, NumeroDocumento, Fecha, FechaDocumento, FechaEntrega, Estado, ImporteNeto, ImporteIVA, ImporteTotal, Total, Saldo, SaldoPendiente, Cliente.{IdCliente,Codigo,RazonSocial,CUIT}, Proveedor.{IdProveedor,Codigo,RazonSocial,CUIT}, SucursalFisica.{IdSucursalFisica,Codigo,Nombre}, Vendedor.{IdVendedor,Codigo,Nombre}, TipoComprobante.{IdTipoComprobante,Codigo,Nombre}, CanalVenta.{IdCanalVenta,Nombre}","ID de cliente, Fecha de inicio, Fecha de finalización, ID de tipo de comprobante, ID de cuenta corriente, ID de vendedor, ID de venta, Incluir pedidos cancelados, ID de canal de ventas, ID de división comercial, ID de usuario creado por, ID de transporte, ID de sucursal física, Salida simplificada","URL: numeroPagina, cantidadItemsPorPagina, incluirSuscriptos | Body: fechaDocumentoDesde y fechaDocumentoHasta requeridos; opcionales idCliente, idVenta, idSucursal, idDivisionEmpresaGrupoEconomico, incluirAnulados, idUsuarioCreador, idTransporte, idTipoComprobante, idClienteCuentaCorriente, idVendedor, idCanalVenta, fechaCreacionDesde y fechaCreacionHasta.",,,,
Clientes,GET,Ventas,Get,Get_Sales_Invoices_By_ID,Obtenga todas las facturas de venta del cliente seleccionado por ID.,Devuelve los datos de comprobantes de venta en función de filtros varios.,/Ventas/FiltrosVenta,"IdVenta, IdPedidoVenta, IdPedido, IdCobro, IdCompra, IdOrdenCompra, IdComprobante, Codigo, Numero, NumeroDocumento, Fecha, FechaDocumento, FechaEntrega, Estado, ImporteNeto, ImporteIVA, ImporteTotal, Total, Saldo, SaldoPendiente, Cliente.{IdCliente,Codigo,RazonSocial,CUIT}, Proveedor.{IdProveedor,Codigo,RazonSocial,CUIT}, SucursalFisica.{IdSucursalFisica,Codigo,Nombre}, Vendedor.{IdVendedor,Codigo,Nombre}, TipoComprobante.{IdTipoComprobante,Codigo,Nombre}, CanalVenta.{IdCanalVenta,Nombre}","Fecha de inicio, Fecha de finalización, ID de venta, Salida simplificada","URL: numeroPagina, cantidadItemsPorPagina, incluirSuscriptos | Body: fechaDocumentoDesde y fechaDocumentoHasta requeridos; idVenta es el filtro puntual más relevante; también admite idCliente, idSucursal, idDivisionEmpresaGrupoEconomico, incluirAnulados, idUsuarioCreador, idTransporte, idTipoComprobante, idClienteCuentaCorriente, idVendedor, idCanalVenta, fechaCreacionDesde y fechaCreacionHasta.",,,,
Ventas,CREAR,Ventas,Create,Create_Sale,Crea una venta a partir de los parámetros completados.,"Crea un comprobante de venta (factura de venta, nota de crédito de ventas, entre otros) a un cliente específico.",/Ventas,,"Artículos, Cantidad de pagos a plazos (solo venta al contado), ID de cliente, Condición de venta, Tipo de cambio (solo venta al contado), Venta al contado, Fecha de inicio, ID de descuento, ID de tipo de cupón, ID de vendedor, ID de valor en efectivo (solo venta al contado), Importe (solo venta al contado), ID de lista de precios, Notas (solo venta al contado), Punto de venta",Cabecera opcional: CentumSuiteClientUser | Body: Venta | Flujo recomendado por la documentación: /Articulos/Venta -> /Articulos/PrecioArticulo -> /Ventas/RegimenesEspeciales -> /Ventas/DescuentosPorPromocion -> /Ventas.,,,,
Ventas,GET,Ventas,GetEstadisticas,Get_Sales_Ranking,"Obtén una clasificación de clientes, artículos, vendedores o sucursales.","Devuelve información estadística de ventas por clientes, artículos, vendedores o sucursales fisicas en función de filtros varios.",/EstadisticaVentaRanking/{itemCount},"IdCliente, IdArticulo, Codigo, Nombre, Cantidad, ImporteTotal, Total, Cliente.{IdCliente,Codigo,RazonSocial}, Articulo.{IdArticulo,Codigo,Nombre}","Fecha de inicio, Fecha de finalización, Tipo de clasificación, Orden ascendente, Tipo de ordenación, ID de lista de precios, Cantidad de artículos, ID de grupo, Salida simplificada","Path: {CantidadArticulos} requerido | URL: fechaDocumentoDesde y fechaDocumentoHasta requeridos; opcionales idsCliente, idsClienteCuentaCorriente, idsCanalVenta, idsVendedor, idsSucursalFisica, idsListaPrecio, puntoVenta, idsBonificacionCliente, idsCondicionIVA, idsCondicionVenta, idsZona, idsLimiteCredito, idsTransporte, idsCategoria, idsClaseCliente, idsArticulo, idsProveedor, idsArticuloDescuento e idsRubro.",,,,
Ventas,BUSCAR,Ventas,GetConsulta (******),Search_Facturas_Venta,Obtenga todas las facturas de venta del cliente seleccionado.,Devuelve los datos de comprobantes de venta con detalle de totales en función de filtros varios.,/Ventas/FiltrosVentaConsulta,"IdVenta, IdPedidoVenta, IdPedido, IdCobro, IdCompra, IdOrdenCompra, IdComprobante, Codigo, Numero, NumeroDocumento, Fecha, FechaDocumento, FechaEntrega, Estado, ImporteNeto, ImporteIVA, ImporteTotal, Total, Saldo, SaldoPendiente, Cliente.{IdCliente,Codigo,RazonSocial,CUIT}, Proveedor.{IdProveedor,Codigo,RazonSocial,CUIT}, SucursalFisica.{IdSucursalFisica,Codigo,Nombre}, Vendedor.{IdVendedor,Codigo,Nombre}, TipoComprobante.{IdTipoComprobante,Codigo,Nombre}, CanalVenta.{IdCanalVenta,Nombre}","ID de cliente, Fecha de inicio, Fecha de finalización, ID de tipo de comprobante, ID de cuenta corriente, ID de vendedor, ID de venta, Incluir pedidos cancelados, ID de canal de ventas, ID de división comercial, ID de usuario creado por, ID de transporte, ID de sucursal física, Salida simplificada","URL: numeroPagina, cantidadItemsPorPagina, incluirSuscriptos | Body: fechaDocumentoDesde y fechaDocumentoHasta requeridos; opcionales idCliente, idVenta, idSucursal, idDivisionEmpresaGrupoEconomico, incluirAnulados, idUsuarioCreador, idTransporte, idTipoComprobante, idClienteCuentaCorriente, idVendedor, idCanalVenta, fechaCreacionDesde y fechaCreacionHasta.",22/12/25,,,